﻿{
  "code": 0,
  "count": 1000,
  "data": [
    {
      "id": 1,
      "username": "wang",
      "age": 10,
      "sex": "男",
      "score": 100,
      "classify": "程序猿"
    },
    {
      "id": 1,
      "username": "wang",
      "age": 10,
      "sex": "男",
      "score": 100,
      "classify": "程序猿"
    },
    {
      "id": 1,
      "username": "wang",
      "age": 10,
      "sex": "男",
      "score": 100,
      "classify": "程序猿"
    },
    {
      "id": 1,
      "username": "wang",
      "age": 10,
      "sex": "男",
      "score": 100,
      "classify": "程序猿"
    },
    {
      "id": 1,
      "username": "wang",
      "age": 10,
      "sex": "男",
      "score": 100,
      "classify": "程序猿"
    },
    {
      "id": 1,
      "username": "wang",
      "age": 10,
      "sex": "男",
      "score": 100,
      "classify": "程序猿"
    },
    {
      "id": 1,
      "username": "wang",
      "age": 10,
      "sex": "男",
      "score": 100,
      "classify": "程序猿"
    }
  ],
  "msg": ""

}
